{
  "rust": 1.3499999999998236e-05,
  "ts": 9.041800000002265e-06,
  "go": 1.0100000000001774e-05,
  "csharp": 6.394160000000177e-05,
  "julia": 2.9808399999999015e-05,
  "sql": 1.0008199999998747e-05
}
